{"initial_reset_timestamp": 1619496688.8664992, "timestamps": [1619496704.772541, 1619496726.7531, 1619496727.623554, 1619496727.891447, 1619496728.1698182, 1619496728.489664, 1619496728.6879191, 1619496728.937215, 1619496747.561721, 1619496748.0124228, 1619496748.126946, 1619496748.3068411, 1619496748.547202, 1619496748.672312, 1619496748.78938, 1619496748.908214, 1619496749.027071, 1619496749.145261, 1619496749.262727, 1619496749.4342752, 1619496749.548196, 1619496749.6740632, 1619496749.795816, 1619496749.911857, 1619496750.026701, 1619496750.1976378, 1619496750.312133, 1619496770.791937, 1619496771.43903, 1619496771.575312, 1619496771.71432, 1619496771.9238882, 1619496772.0534642, 1619496772.335834, 1619496772.488189, 1619496772.6765912, 1619496773.0121448, 1619496773.1661592, 1619496773.373798, 1619496773.5357802, 1619496773.7717052, 1619496774.014633, 1619496774.1984918, 1619496774.44769, 1619496774.672341, 1619496774.913641, 1619496775.14992, 1619496775.340727, 1619496775.633224, 1619496775.8673122, 1619496776.075669, 1619496776.284682, 1619496776.450552, 1619496776.667595, 1619496776.860084, 1619496777.046771, 1619496777.2056131, 1619496777.4063401, 1619496777.590993, 1619496777.759573, 1619496778.0943942, 1619496778.251981, 1619496778.378379, 1619496778.600797, 1619496804.8306491, 1619496812.19083, 1619496819.906322, 1619496826.690494, 1619496834.38587, 1619496841.773938, 1619496849.851386, 1619496857.022225, 1619496862.914836, 1619496869.7556748, 1619496876.2024598, 1619496882.143094, 1619496890.5461419, 1619496897.732158, 1619496905.017118, 1619496917.265749, 1619496926.1316202, 1619496932.261305, 1619496940.868931, 1619496950.7915268, 1619496957.127342, 1619496965.850681], "episode_lengths": [200, 200, 200, 200, 200, 200, 200, 200, 200, 200, 200, 200, 200, 200, 200, 200, 200, 200, 200, 200, 200, 200, 200, 200, 200, 200, 200, 200, 200, 200, 200, 200, 200, 200, 200, 200, 200, 200, 200, 200, 200, 200, 200, 200, 200, 200, 200, 200, 200, 200, 200, 200, 200, 200, 200, 200, 200, 200, 200, 200, 200, 200, 200, 200, 200, 200, 200, 200, 200, 200, 200, 200, 200, 200, 200, 200, 200, 200, 200, 200, 200, 200, 200, 200, 200, 200], "episode_rewards": [-103.0, -108.0, 99.0, 94.0, -91.0, -108.0, 99.0, -88.0, 107.0, -101.0, 100.0, 107.0, -92.0, 103.0, 97.0, 96.0, -105.0, 103.0, -98.0, -105.0, -101.0, -93.0, 106.0, -102.0, 104.0, 101.0, 90.0, -109.0, 101.0, -96.0, 109.0, 109.0, 110.0, 107.0, 102.0, -101.0, -100.0, 105.0, 93.0, -94.0, -96.0, 99.0, -90.0, 95.0, 114.0, 92.0, 95.0, 98.0, -91.0, -94.0, -113.0, -101.0, 104.0, -103.0, 107.0, -110.0, -85.0, 103.0, 91.0, -108.0, 94.0, 101.0, -100.0, -102.0, 157.0, -173.0, 179.0, 179.0, -180.0, 183.0, -186.0, 186.0, 183.0, 186.0, 186.0, -185.0, 184.0, 184.0, -185.0, 186.0, -184.0, -183.0, -186.0, -184.0, 183.0, 185.0], "episode_types": ["t", "t", "t", "t", "t", "t", "t", "t", "t", "t", "t", "t", "t", "t", "t", "t", "t", "t", "t", "t", "t", "t", "t", "t", "t", "t", "t", "t", "t", "t", "t", "t", "t", "t", "t", "t", "t", "t", "t", "t", "t", "t", "t", "t", "t", "t", "t", "t", "t", "t", "t", "t", "t", "t", "t", "t", "t", "t", "t", "t", "t", "t", "t", "t", "t", "t", "t", "t", "t", "t", "t", "t", "t", "t", "t", "t", "t", "t", "t", "t", "t", "t", "t", "t", "t", "t"]}